{
  "locations": {
    "alks_cmaq": 0.0017318520248465633,
    "aros_cmaq": 0.00013777848568154646,
    "cfrac_cmaq": 0.3397280815901739,
    "cldb_cmaq": 1593.9759544178903,
    "cldt_cmaq": 2951.613481022747,
    "co_cmaq": 0.1759846535349868,
    "dens_cmaq_1013": 1.167966117408871,
    "dens_cmaq_500": 1.0598713791741974,
    "dens_cmaq_700": 1.0784927546251524,
    "dens_cmaq_850": 1.1105202122905404,
    "dens_cmaq_925": 1.137658598225468,
    "dens_cmaq_sfc": 1.1716082636330958,
    "ec_10_cmaq": 0.3743896318255874,
    "ec_25_cmaq": 0.3743896318255874,
    "glw_cmaq": 324.2607967022083,
    "gsw_cmaq": 222.88408065396982,
    "hfx_cmaq": 33.971501325849104,
    "isoprene_cmaq": 3.960256006663869e-05,
    "lai_cmaq": 1.0677373575196814,
    "lh_cmaq": 93.98640536871424,
    "misc_10_cmaq": 17.26462026986388,
    "misc_25_cmaq": 3.5888550748074657,
    "moli_cmaq": 0.022338963592416973,
    "nh4_10_cmaq": 1.1320749491915576,
    "nh4_25_cmaq": 0.8506483521461048,
    "no2_cmaq": 0.0016102259317927288,
    "no3_10_cmaq": 3.0490528735259392,
    "no3_25_cmaq": 1.6300247399181347,
    "no_cmaq": 0.0002702835864773775,
    "nox_cmaq": 0.00188050951846252,
    "o3_cmaq": 0.038653848311957645,
    "oles_cmaq": 0.00015341417534787662,
    "org_10_cmaq": 1.590538999332601,
    "org_25_cmaq": 1.590538999332601,
    "pbl_cmaq": 554.6433666518762,
    "pm10_cmaq": 29.417629,
    "pm2p5_cmaq": 13.575026,
    "pres_cmaq_1013": 97299.57072629158,
    "pres_cmaq_500": 86322.80922292048,
    "pres_cmaq_700": 88181.4147564005,
    "pres_cmaq_850": 91435.99638824002,
    "pres_cmaq_925": 94227.48698483071,
    "pres_cmaq_sfc": 97351.47658887252,
    "prsfc_cmaq": 97500.2439588073,
    "q2_cmaq": 0.00923842657738477,
    "qc_cmaq_1013": 1.451125557977286e-05,
    "qc_cmaq_500": 6.817664553440387e-06,
    "qc_cmaq_700": 7.140601082178109e-06,
    "qc_cmaq_850": 7.277208257093886e-06,
    "qc_cmaq_925": 9.258460943631575e-06,
    "qc_cmaq_sfc": 1.414267400744541e-05,
    "qr_cmaq_1013": 3.7037807429329295e-06,
    "qr_cmaq_500": 3.753327509699209e-06,
    "qr_cmaq_700": 3.931432305305969e-06,
    "qr_cmaq_850": 4.2320119335139596e-06,
    "qr_cmaq_925": 4.095400873967348e-06,
    "qr_cmaq_sfc": 3.89054971171733e-06,
    "radyni_cmaq": 0.019807518023089523,
    "rc_cmaq": 0.007674073748991636,
    "rgrnd_cmaq": 258.85554932795026,
    "rh_cmaq": 97500.2439588073,
    "rn_cmaq": 0.0052390608713498476,
    "rstomi_cmaq": 0.001450117048215345,
    "sltyp_cmaq": 11.182079324309633,
    "snocov_cmaq": 0.05218172916982167,
    "so2_cmaq": 0.0006472678933133174,
    "so4_10_cmaq": 2.3637939434393163,
    "so4_25_cmaq": 1.6162078863197349,
    "soim1_cmaq": 0.694924894708483,
    "soim2_cmaq": 0.695452367494633,
    "soit1_cmaq": 288.03160340665426,
    "soit2_cmaq": 276.7223736440021,
    "ta_cmaq_1013": 286.3486565341485,
    "ta_cmaq_500": 280.9128620432815,
    "ta_cmaq_700": 281.8081190874298,
    "ta_cmaq_850": 283.4371070704658,
    "ta_cmaq_925": 284.9056264605007,
    "ta_cmaq_sfc": 285.609960219702,
    "tcco_cmaq": 0.1759846535349868,
    "tcno2_cmaq": 0.0016102259317927288,
    "tcso2_cmaq": 0.0006472678933133174,
    "temp2_cmaq": 286.4180205194254,
    "tempg_cmaq": 288.01587889920654,
    "ustar_cmaq": 0.3215339470867123,
    "uwind_cmaq_1013": -0.0017267263151449538,
    "uwind_cmaq_500": -0.0009270133759716408,
    "uwind_cmaq_700": -0.0008363725669874167,
    "uwind_cmaq_850": -0.000704279468490284,
    "uwind_cmaq_925": -0.0009016378381225325,
    "uwind_cmaq_sfc": -0.0030111583137571066,
    "veg_cmaq": 0.12180445061361624,
    "vwind_cmaq_1013": -0.0017267263151449538,
    "vwind_cmaq_500": -0.0009270133759716408,
    "vwind_cmaq_700": -0.0008363725669874167,
    "vwind_cmaq_850": -0.000704279468490284,
    "vwind_cmaq_925": -0.0009016378381225325,
    "vwind_cmaq_sfc": -0.0030111583137571066,
    "wbar_cmaq": 0.2819495235459179,
    "wdir10_cmaq": 180.20131508794466,
    "wr_cmaq": 3.754604969123865e-08,
    "wspd10_cmaq": 5.759108067618419,
    "wstar_cmaq": 0.49970321723517924,
    "wwind_cmaq_1013": -0.0017267263151449538,
    "wwind_cmaq_500": -0.0009270133759716408,
    "wwind_cmaq_700": -0.0008363725669874167,
    "wwind_cmaq_850": -0.000704279468490284,
    "wwind_cmaq_925": -0.0009016378381225325,
    "wwind_cmaq_sfc": -0.0030111583137571066
  },
  "scales": {
    "alks_cmaq": 0.002165413240601064,
    "aros_cmaq": 0.0005336912981050883,
    "cfrac_cmaq": 0.29566393432208654,
    "cldb_cmaq": 1613.4515118120864,
    "cldt_cmaq": 2439.508020213075,
    "co_cmaq": 0.17600510688683701,
    "dens_cmaq_1013": 0.08952490168454882,
    "dens_cmaq_500": 0.08012584778751237,
    "dens_cmaq_700": 0.08171368007162431,
    "dens_cmaq_850": 0.0842775586162032,
    "dens_cmaq_925": 0.08643933444389465,
    "dens_cmaq_sfc": 0.08818821428167778,
    "ec_10_cmaq": 0.7575021789128878,
    "ec_25_cmaq": 0.7575021789128878,
    "glw_cmaq": 78.14198960558333,
    "gsw_cmaq": 255.8729731571635,
    "hfx_cmaq": 66.93294171463955,
    "isoprene_cmaq": 0.0001676075739460308,
    "lai_cmaq": 1.63849422522002,
    "lh_cmaq": 106.16159886889876,
    "misc_10_cmaq": 30.9440758730841,
    "misc_25_cmaq": 8.714213416860192,
    "moli_cmaq": 0.15888091756838835,
    "nh4_10_cmaq": 2.290027294155415,
    "nh4_25_cmaq": 1.8885551650622652,
    "no2_cmaq": 0.00420592743423725,
    "no3_10_cmaq": 6.693341312136624,
    "no3_25_cmaq": 5.2690554744646265,
    "no_cmaq": 0.0021040753034030596,
    "nox_cmaq": 0.005572608011378396,
    "o3_cmaq": 0.01574869350954548,
    "oles_cmaq": 0.0005076939712286819,
    "org_10_cmaq": 3.08205048720852,
    "org_25_cmaq": 3.08205048720852,
    "pbl_cmaq": 471.2551739700766,
    "pm10_cmaq": 38.061001,
    "pm2p5_cmaq": 20.929810,
    "pres_cmaq_1013": 7109.450281526486,
    "pres_cmaq_500": 6251.86164346894,
    "pres_cmaq_700": 6396.571713145329,
    "pres_cmaq_850": 6650.565362359921,
    "pres_cmaq_925": 6868.894721402676,
    "pres_cmaq_sfc": 7111.369615288365,
    "prsfc_cmaq": 7125.324145977461,
    "q2_cmaq": 0.006106172790493771,
    "qc_cmaq_1013": 7.545902059679201e-05,
    "qc_cmaq_500": 4.214047131921695e-05,
    "qc_cmaq_700": 4.0712446167889946e-05,
    "qc_cmaq_850": 4.406977100736945e-05,
    "qc_cmaq_925": 5.325650173327071e-05,
    "qc_cmaq_sfc": 7.308144053711845e-05,
    "qr_cmaq_1013": 1.9751749967086667e-05,
    "qr_cmaq_500": 2.0946311281534287e-05,
    "qr_cmaq_700": 2.0883651305254757e-05,
    "qr_cmaq_850": 2.079997634374663e-05,
    "qr_cmaq_925": 2.0456156766464744e-05,
    "qr_cmaq_sfc": 2.0809110337457663e-05,
    "radyni_cmaq": 0.021031253143495066,
    "rc_cmaq": 0.04204333819563542,
    "rgrnd_cmaq": 291.6341491316971,
    "rh_cmaq": 7125.324145977461,
    "rn_cmaq": 0.032797017080033034,
    "rstomi_cmaq": 0.004892125271683907,
    "sltyp_cmaq": 3.674223943769949,
    "snocov_cmaq": 0.18978646565775606,
    "so2_cmaq": 0.002173298495332629,
    "so4_10_cmaq": 1.775032781770547,
    "so4_25_cmaq": 1.636391340075089,
    "soim1_cmaq": 0.3751518735545858,
    "soim2_cmaq": 0.37342859079481755,
    "soit1_cmaq": 12.197487906833521,
    "soit2_cmaq": 8.45516055615526,
    "ta_cmaq_1013": 12.68482326501071,
    "ta_cmaq_500": 11.390407064196188,
    "ta_cmaq_700": 11.388356739056698,
    "ta_cmaq_850": 11.457170564418135,
    "ta_cmaq_925": 11.765129708556,
    "ta_cmaq_sfc": 12.96602631890632,
    "tcco_cmaq": 0.17600510688683701,
    "tcno2_cmaq": 0.00420592743423725,
    "tcso2_cmaq": 0.002173298495332629,
    "temp2_cmaq": 12.900790585356374,
    "tempg_cmaq": 13.655932558189898,
    "ustar_cmaq": 0.19609018767297337,
    "uwind_cmaq_1013": 0.01979785054640987,
    "uwind_cmaq_500": 0.03286043274640488,
    "uwind_cmaq_700": 0.031890858502608636,
    "uwind_cmaq_850": 0.02890611282186069,
    "uwind_cmaq_925": 0.026277672953711986,
    "uwind_cmaq_sfc": 0.01900410107007632,
    "veg_cmaq": 0.22649128803493315,
    "vwind_cmaq_1013": 0.01979785054640987,
    "vwind_cmaq_500": 0.03286043274640488,